{"pore_diameter_opt": 4.5888362364548065, "pore_volume_opt": 50.594848490782745, "maximum_diameter": 25.733425717929016}