{"pore_diameter_opt": 4.644914205771752, "pore_volume_opt": 52.47249471984964, "maximum_diameter": 22.591669280585553}